,date,time,track_id
0,13/12/2021,19:32,63oTx2gvxdNv9qGYQCA005
1,13/12/2021,19:29,1zIvvyjousJTxkumkCDnlo
2,13/12/2021,19:26,584e17zySNmvOd1iG57zxF
3,13/12/2021,19:23,0z0zo43gGLVSvPalKv2jlP
4,13/12/2021,19:20,5nJvKQsFRmCp2i7EiKjZDg
5,13/12/2021,19:17,69WpV0U7OMNFGyq8I63dcC
6,13/12/2021,19:14,69WpV0U7OMNFGyq8I63dcC
7,13/12/2021,19:11,69WpV0U7OMNFGyq8I63dcC
8,13/12/2021,19:08,69WpV0U7OMNFGyq8I63dcC
9,13/12/2021,19:05,69WpV0U7OMNFGyq8I63dcC
10,13/12/2021,19:01,69WpV0U7OMNFGyq8I63dcC
11,13/12/2021,18:58,69WpV0U7OMNFGyq8I63dcC
12,13/12/2021,18:49,37adYGaYaAWTGhBaOzX4Fh
13,13/12/2021,18:45,5Up7BfQuhho7ikpykqlq9b
14,13/12/2021,18:41,3BIIJgBJJ7NhhCv4MI6n7w
15,13/12/2021,18:38,68F0Awp8Y64KAgvYYbUFc1
16,13/12/2021,18:35,5EdwOTiD4Vz7xEoB7jt8En
17,13/12/2021,18:31,3IdPtyJHB1WVPM4eCiCAKM
18,13/12/2021,18:27,3YGSzYH6RBrT38iObc3w8q
19,13/12/2021,18:23,6M4nkEPZMj58acftDRTuKL
20,13/12/2021,18:20,6KboccKS3L0feiVQST88Ag
21,13/12/2021,18:16,1cBdZdp3VuzMc0gsWSGQvy
22,13/12/2021,18:12,5ip2cVIAfycyZJaH1DuCi4
23,13/12/2021,18:08,3C542UknrX76XSRXTyQ1Qg
24,13/12/2021,17:40,66UcQu5LBo2A7AC0A5r0lI
25,13/12/2021,17:38,5Up7BfQuhho7ikpykqlq9b
26,13/12/2021,17:34,6KboccKS3L0feiVQST88Ag
27,13/12/2021,17:29,3bkkMZEAhx7rTVz1C0itRQ
28,13/12/2021,17:26,5EdwOTiD4Vz7xEoB7jt8En
29,13/12/2021,17:22,4FUDWkguOUVpLRAVn5C20z
30,13/12/2021,16:48,1cBdZdp3VuzMc0gsWSGQvy
31,13/12/2021,16:45,3bkkMZEAhx7rTVz1C0itRQ
32,13/12/2021,16:41,2AMysGXOe0zzZJMtH3Nizb
33,13/12/2021,16:38,4FUDWkguOUVpLRAVn5C20z
34,13/12/2021,16:34,3JR0ducCexKbeK47g6AHm5
35,13/12/2021,15:33,3bkkMZEAhx7rTVz1C0itRQ
36,13/12/2021,15:32,5DWK9BWhM0uTYe24hDcguf
37,13/12/2021,15:32,5DWK9BWhM0uTYe24hDcguf
38,13/12/2021,15:18,37adYGaYaAWTGhBaOzX4Fh
39,13/12/2021,15:14,66UcQu5LBo2A7AC0A5r0lI
40,13/12/2021,15:11,1cBdZdp3VuzMc0gsWSGQvy
41,13/12/2021,15:08,68F0Awp8Y64KAgvYYbUFc1
42,13/12/2021,15:04,4FUDWkguOUVpLRAVn5C20z
43,13/12/2021,14:51,3IdPtyJHB1WVPM4eCiCAKM
44,13/12/2021,12:18,3ikf8zLuO1MACbNFfDvJ12
45,13/12/2021,11:23,4FUDWkguOUVpLRAVn5C20z
46,13/12/2021,00:33,6OxJmjdzeYP5EdnnP8vMnH
47,13/12/2021,00:29,5M7OvJqw8FvIr4jLJLwCi1
48,13/12/2021,00:25,2OOWmqOdbus0ZQ2zYooVtg
49,13/12/2021,00:21,1FYTEYMWAu6gz7BYDHyoBU
50,13/12/2021,00:18,2nLtzopw4rPReszdYBJU6h
51,13/12/2021,00:15,4TPDbirM5UZqygPgwLp4v2
52,13/12/2021,00:10,7Ab51NCWADbkYjpdhUN3Mw
53,13/12/2021,00:07,6y6y7GCq8M4Uy8Tg87dTTJ
54,12/12/2021,23:51,1cBdZdp3VuzMc0gsWSGQvy
55,12/12/2021,23:49,5DWK9BWhM0uTYe24hDcguf
56,12/12/2021,23:45,3bkkMZEAhx7rTVz1C0itRQ
57,12/12/2021,23:41,3bkkMZEAhx7rTVz1C0itRQ
58,12/12/2021,23:38,2AMysGXOe0zzZJMtH3Nizb
59,12/12/2021,23:34,3JR0ducCexKbeK47g6AHm5
60,12/12/2021,23:31,4FUDWkguOUVpLRAVn5C20z
61,12/12/2021,23:28,4FUDWkguOUVpLRAVn5C20z
62,12/12/2021,23:24,4FUDWkguOUVpLRAVn5C20z
63,12/12/2021,23:16,4FUDWkguOUVpLRAVn5C20z
64,12/12/2021,23:13,584e17zySNmvOd1iG57zxF
65,12/12/2021,23:06,37adYGaYaAWTGhBaOzX4Fh
66,12/12/2021,23:04,3IdPtyJHB1WVPM4eCiCAKM
67,12/12/2021,23:00,6KboccKS3L0feiVQST88Ag
68,12/12/2021,22:55,1cBdZdp3VuzMc0gsWSGQvy
69,12/12/2021,22:52,37adYGaYaAWTGhBaOzX4Fh
70,12/12/2021,22:48,68F0Awp8Y64KAgvYYbUFc1
71,12/12/2021,22:43,4FUDWkguOUVpLRAVn5C20z
72,12/12/2021,22:39,1FYTEYMWAu6gz7BYDHyoBU
73,12/12/2021,22:34,6y6y7GCq8M4Uy8Tg87dTTJ
74,12/12/2021,22:32,3bkkMZEAhx7rTVz1C0itRQ
75,12/12/2021,22:29,584e17zySNmvOd1iG57zxF
76,12/12/2021,22:27,69WpV0U7OMNFGyq8I63dcC
77,12/12/2021,22:23,68F0Awp8Y64KAgvYYbUFc1
78,12/12/2021,22:22,3C542UknrX76XSRXTyQ1Qg
79,12/12/2021,22:20,5EdwOTiD4Vz7xEoB7jt8En
80,12/12/2021,22:17,3JR0ducCexKbeK47g6AHm5
81,12/12/2021,22:14,1cBdZdp3VuzMc0gsWSGQvy
82,12/12/2021,22:11,4FUDWkguOUVpLRAVn5C20z
83,12/12/2021,22:08,4TPDbirM5UZqygPgwLp4v2
84,12/12/2021,22:05,59WuWdDH06AYXgdoMENEa3
85,12/12/2021,21:59,5jQRsJZzu8jicHgC3wgiY5
86,12/12/2021,21:55,5jQRsJZzu8jicHgC3wgiY5
87,12/12/2021,21:53,7B8Kt457X4qKyVS2Afh1ZD
88,12/12/2021,21:49,08yMOmydumplen59qUD4zf
89,12/12/2021,21:45,584e17zySNmvOd1iG57zxF
90,12/12/2021,21:36,59WuWdDH06AYXgdoMENEa3
91,12/12/2021,21:31,59WuWdDH06AYXgdoMENEa3
92,12/12/2021,21:00,0z0zo43gGLVSvPalKv2jlP
93,12/12/2021,20:57,69WpV0U7OMNFGyq8I63dcC
94,12/12/2021,20:54,1cBdZdp3VuzMc0gsWSGQvy
95,12/12/2021,17:37,6KboccKS3L0feiVQST88Ag
96,12/12/2021,15:55,4FUDWkguOUVpLRAVn5C20z
97,12/12/2021,15:38,5DWK9BWhM0uTYe24hDcguf
98,12/12/2021,15:31,5M7OvJqw8FvIr4jLJLwCi1
99,12/12/2021,15:28,4FUDWkguOUVpLRAVn5C20z
100,12/12/2021,15:19,1XyzcGhmO7iUamSS94XfqY
101,12/12/2021,15:00,5jQRsJZzu8jicHgC3wgiY5
102,12/12/2021,14:56,69WpV0U7OMNFGyq8I63dcC
103,12/12/2021,14:51,5yQUhCPtm5EPVDQz8kKGSA
104,12/12/2021,14:48,59WuWdDH06AYXgdoMENEa3
105,12/12/2021,14:45,0mTjDtEuQGXUSuUGlsqz5P
106,12/12/2021,14:40,6GPpocnUJbzMNMTJDLYCim
107,12/12/2021,12:34,2TwB7aK39tnZBQjBPgcbCj
108,12/12/2021,12:11,59WuWdDH06AYXgdoMENEa3
109,11/12/2021,23:02,6GPpocnUJbzMNMTJDLYCim
110,11/12/2021,22:59,1ffNBM0LCbHya4SezmmAH8
111,11/12/2021,22:55,3mRBPZbnwsmddN0JH5BNVl
112,11/12/2021,22:51,62P3CMQAknHW4iftsBD41Y
113,11/12/2021,22:48,7MUksmMcnTI2Sf3bzplnQc
114,11/12/2021,22:44,0z0zo43gGLVSvPalKv2jlP
115,11/12/2021,22:39,69WpV0U7OMNFGyq8I63dcC
116,11/12/2021,22:35,69WpV0U7OMNFGyq8I63dcC
117,11/12/2021,22:31,3IdPtyJHB1WVPM4eCiCAKM
118,11/12/2021,22:28,3bkkMZEAhx7rTVz1C0itRQ
119,11/12/2021,22:25,4FUDWkguOUVpLRAVn5C20z
120,11/12/2021,22:21,584e17zySNmvOd1iG57zxF
121,11/12/2021,22:18,37adYGaYaAWTGhBaOzX4Fh
122,11/12/2021,22:14,3C542UknrX76XSRXTyQ1Qg
123,11/12/2021,22:11,5jQRsJZzu8jicHgC3wgiY5
124,11/12/2021,22:07,59WuWdDH06AYXgdoMENEa3
125,11/12/2021,22:04,62P3CMQAknHW4iftsBD41Y
126,11/12/2021,21:59,2TwB7aK39tnZBQjBPgcbCj
127,11/12/2021,21:55,2TwB7aK39tnZBQjBPgcbCj
128,11/12/2021,21:48,0z0zo43gGLVSvPalKv2jlP
129,11/12/2021,21:45,69WpV0U7OMNFGyq8I63dcC
130,11/12/2021,21:39,68F0Awp8Y64KAgvYYbUFc1
131,11/12/2021,21:36,5Up7BfQuhho7ikpykqlq9b
132,11/12/2021,21:31,4FUDWkguOUVpLRAVn5C20z
133,11/12/2021,21:28,1cBdZdp3VuzMc0gsWSGQvy
134,11/12/2021,21:25,3bkkMZEAhx7rTVz1C0itRQ
135,11/12/2021,21:21,3IdPtyJHB1WVPM4eCiCAKM
136,11/12/2021,21:18,3ikf8zLuO1MACbNFfDvJ12
137,11/12/2021,21:15,2nLtzopw4rPReszdYBJU6h
138,11/12/2021,21:11,4FUDWkguOUVpLRAVn5C20z
139,11/12/2021,21:08,37adYGaYaAWTGhBaOzX4Fh
140,11/12/2021,21:04,6y6y7GCq8M4Uy8Tg87dTTJ
141,11/12/2021,20:59,1cBdZdp3VuzMc0gsWSGQvy
142,11/12/2021,20:56,59WuWdDH06AYXgdoMENEa3
143,11/12/2021,20:51,5DWK9BWhM0uTYe24hDcguf
144,11/12/2021,20:48,6GPpocnUJbzMNMTJDLYCim
145,11/12/2021,20:45,3mRBPZbnwsmddN0JH5BNVl
146,11/12/2021,20:39,3IdPtyJHB1WVPM4eCiCAKM
147,11/12/2021,20:36,2TwB7aK39tnZBQjBPgcbCj
148,11/12/2021,20:31,3a4VCqofc7Wf7cqfZYu2Ad
149,11/12/2021,20:29,4vsoWZcvtvSsE0OiVvDDvX
150,11/12/2021,20:25,5jQRsJZzu8jicHgC3wgiY5
151,11/12/2021,20:21,1zIvvyjousJTxkumkCDnlo
152,11/12/2021,20:18,2TwB7aK39tnZBQjBPgcbCj
153,11/12/2021,20:15,0mTjDtEuQGXUSuUGlsqz5P
154,11/12/2021,20:11,1cBdZdp3VuzMc0gsWSGQvy
155,11/12/2021,20:08,5yQUhCPtm5EPVDQz8kKGSA
156,11/12/2021,20:04,59WuWdDH06AYXgdoMENEa3
157,11/12/2021,19:59,3a4VCqofc7Wf7cqfZYu2Ad
158,11/12/2021,19:56,5jQRsJZzu8jicHgC3wgiY5
159,11/12/2021,19:51,5nxlqOA57OZU8o7qjLZpvQ
160,11/12/2021,19:49,59WuWdDH06AYXgdoMENEa3
161,11/12/2021,19:45,63oTx2gvxdNv9qGYQCA005
162,11/12/2021,19:39,59WuWdDH06AYXgdoMENEa3
163,11/12/2021,19:36,59WuWdDH06AYXgdoMENEa3
164,11/12/2021,19:32,6GPpocnUJbzMNMTJDLYCim
165,11/12/2021,19:29,5nxlqOA57OZU8o7qjLZpvQ
166,11/12/2021,19:25,6GPpocnUJbzMNMTJDLYCim
167,11/12/2021,19:21,1XyzcGhmO7iUamSS94XfqY
168,11/12/2021,14:01,3a4VCqofc7Wf7cqfZYu2Ad
169,11/12/2021,13:57,6GPpocnUJbzMNMTJDLYCim
170,11/12/2021,13:54,6GPpocnUJbzMNMTJDLYCim
171,11/12/2021,13:51,5jQRsJZzu8jicHgC3wgiY5
172,11/12/2021,13:15,62P3CMQAknHW4iftsBD41Y
173,11/12/2021,13:12,2TwB7aK39tnZBQjBPgcbCj
174,11/12/2021,13:08,0zoGVO4bQXG8U6ChKwNgeg
175,11/12/2021,13:05,59WuWdDH06AYXgdoMENEa3
176,11/12/2021,13:01,5yQUhCPtm5EPVDQz8kKGSA
177,11/12/2021,12:56,584e17zySNmvOd1iG57zxF
178,11/12/2021,12:53,5jQRsJZzu8jicHgC3wgiY5
179,11/12/2021,12:48,5nJvKQsFRmCp2i7EiKjZDg
180,11/12/2021,12:46,5jQRsJZzu8jicHgC3wgiY5
181,11/12/2021,04:45,69WpV0U7OMNFGyq8I63dcC
182,11/12/2021,04:22,1cBdZdp3VuzMc0gsWSGQvy
183,11/12/2021,04:16,62P3CMQAknHW4iftsBD41Y
184,11/12/2021,04:05,6GPpocnUJbzMNMTJDLYCim
185,11/12/2021,03:36,6GPpocnUJbzMNMTJDLYCim
186,11/12/2021,03:33,4vsoWZcvtvSsE0OiVvDDvX
187,11/12/2021,03:29,2TwB7aK39tnZBQjBPgcbCj
188,10/12/2021,23:22,0mTjDtEuQGXUSuUGlsqz5P
189,10/12/2021,23:18,2TwB7aK39tnZBQjBPgcbCj
190,10/12/2021,23:15,5nJvKQsFRmCp2i7EiKjZDg
191,10/12/2021,23:13,4FUDWkguOUVpLRAVn5C20z
192,10/12/2021,23:09,5yQUhCPtm5EPVDQz8kKGSA
193,10/12/2021,23:06,3a4VCqofc7Wf7cqfZYu2Ad
194,10/12/2021,23:03,3IdPtyJHB1WVPM4eCiCAKM
195,10/12/2021,22:59,5jQRsJZzu8jicHgC3wgiY5
196,10/12/2021,22:48,5nJvKQsFRmCp2i7EiKjZDg
197,10/12/2021,22:46,5jQRsJZzu8jicHgC3wgiY5
198,10/12/2021,22:39,5yQUhCPtm5EPVDQz8kKGSA
199,10/12/2021,22:35,69WpV0U7OMNFGyq8I63dcC
200,10/12/2021,22:32,59WuWdDH06AYXgdoMENEa3
201,10/12/2021,22:28,5nxlqOA57OZU8o7qjLZpvQ
202,10/12/2021,22:24,5nxlqOA57OZU8o7qjLZpvQ
203,10/12/2021,22:19,3mRBPZbnwsmddN0JH5BNVl
204,10/12/2021,22:15,3a4VCqofc7Wf7cqfZYu2Ad
205,10/12/2021,22:10,2TwB7aK39tnZBQjBPgcbCj
206,10/12/2021,21:56,62P3CMQAknHW4iftsBD41Y
207,10/12/2021,21:50,2TwB7aK39tnZBQjBPgcbCj
208,10/12/2021,20:20,0zoGVO4bQXG8U6ChKwNgeg
209,10/12/2021,20:18,3a4VCqofc7Wf7cqfZYu2Ad
210,10/12/2021,20:14,6GPpocnUJbzMNMTJDLYCim
211,10/12/2021,20:11,5nJvKQsFRmCp2i7EiKjZDg
212,10/12/2021,20:09,7f6RiVFXqUT3dWi35OznLI
213,10/12/2021,20:05,3a4VCqofc7Wf7cqfZYu2Ad
214,10/12/2021,20:02,4vsoWZcvtvSsE0OiVvDDvX
215,10/12/2021,19:56,0a6jzYgYdtGJIoj5NtflVE
216,10/12/2021,19:54,7B8Kt457X4qKyVS2Afh1ZD
217,10/12/2021,19:49,08yMOmydumplen59qUD4zf
218,10/12/2021,19:45,5jQRsJZzu8jicHgC3wgiY5
219,10/12/2021,19:42,59WuWdDH06AYXgdoMENEa3
220,10/12/2021,19:38,5yQUhCPtm5EPVDQz8kKGSA
221,10/12/2021,19:34,396Dkg9z5Q1hXxKryeP9T8
222,10/12/2021,19:31,0mTjDtEuQGXUSuUGlsqz5P
223,10/12/2021,19:27,3m0ftmNELMIN7iWrDzkpSg
224,10/12/2021,19:22,1zIvvyjousJTxkumkCDnlo
225,10/12/2021,19:19,1t2qYCAjUAoGfeFeoBlK51
226,10/12/2021,19:15,56gnI7SIZbFhiwzfN1ogN4
227,10/12/2021,19:12,3JR0ducCexKbeK47g6AHm5
228,10/12/2021,19:09,0a6jzYgYdtGJIoj5NtflVE
229,10/12/2021,19:04,2TwB7aK39tnZBQjBPgcbCj
230,10/12/2021,18:58,6GPpocnUJbzMNMTJDLYCim
231,10/12/2021,18:52,62P3CMQAknHW4iftsBD41Y
232,10/12/2021,18:48,69WpV0U7OMNFGyq8I63dcC
233,10/12/2021,18:41,0mTjDtEuQGXUSuUGlsqz5P
234,10/12/2021,18:38,5jQRsJZzu8jicHgC3wgiY5
235,10/12/2021,18:34,59WuWdDH06AYXgdoMENEa3
236,10/12/2021,18:30,6GPpocnUJbzMNMTJDLYCim
237,10/12/2021,18:24,62P3CMQAknHW4iftsBD41Y
238,10/12/2021,18:21,2TwB7aK39tnZBQjBPgcbCj
239,10/12/2021,18:17,36hxETNcqM67JpYGNaEZFH
240,10/12/2021,18:14,7B8Kt457X4qKyVS2Afh1ZD
241,10/12/2021,18:09,59WuWdDH06AYXgdoMENEa3
242,10/12/2021,18:06,0mTjDtEuQGXUSuUGlsqz5P
243,10/12/2021,18:01,59WuWdDH06AYXgdoMENEa3
244,10/12/2021,17:58,0mTjDtEuQGXUSuUGlsqz5P
245,10/12/2021,17:55,59WuWdDH06AYXgdoMENEa3
246,10/12/2021,17:52,0mTjDtEuQGXUSuUGlsqz5P
247,10/12/2021,17:49,59WuWdDH06AYXgdoMENEa3
248,10/12/2021,17:46,2TwB7aK39tnZBQjBPgcbCj
249,10/12/2021,17:43,59WuWdDH06AYXgdoMENEa3
250,10/12/2021,17:40,5nxlqOA57OZU8o7qjLZpvQ
251,10/12/2021,17:36,6GPpocnUJbzMNMTJDLYCim
252,10/12/2021,17:33,0hgLHFyN9u3WqkK2ofpuUX
253,10/12/2021,17:30,1ffNBM0LCbHya4SezmmAH8
254,10/12/2021,17:27,0zoGVO4bQXG8U6ChKwNgeg
255,10/12/2021,17:24,4ZrCPgX9fwXbmNJV5WcBWJ
256,10/12/2021,17:21,3a4VCqofc7Wf7cqfZYu2Ad
257,10/12/2021,17:17,0mTjDtEuQGXUSuUGlsqz5P
258,10/12/2021,17:15,59WuWdDH06AYXgdoMENEa3
259,10/12/2021,17:12,5nJvKQsFRmCp2i7EiKjZDg
260,10/12/2021,17:08,2TwB7aK39tnZBQjBPgcbCj
261,10/12/2021,17:05,5nxlqOA57OZU8o7qjLZpvQ
262,10/12/2021,17:02,6GPpocnUJbzMNMTJDLYCim
263,10/12/2021,16:59,62P3CMQAknHW4iftsBD41Y
264,10/12/2021,16:56,49euWwcjQTzVCynY53tvH5
265,10/12/2021,16:53,2shyarF21wZvWew00TdaP3
266,10/12/2021,15:36,2TwB7aK39tnZBQjBPgcbCj
267,10/12/2021,15:35,59WuWdDH06AYXgdoMENEa3
268,09/12/2021,17:44,62P3CMQAknHW4iftsBD41Y
269,09/12/2021,17:41,2bk43y1inDfHx8fFdXar3l
270,09/12/2021,17:38,1Gxrej5rBiUbB9QqwmIbDp
271,09/12/2021,17:33,36hxETNcqM67JpYGNaEZFH
272,09/12/2021,17:31,4rOODw637hsmsq0uzT0DN3
273,09/12/2021,17:31,5nxlqOA57OZU8o7qjLZpvQ
274,09/12/2021,17:26,63oTx2gvxdNv9qGYQCA005
275,09/12/2021,17:17,5yQUhCPtm5EPVDQz8kKGSA
276,09/12/2021,17:13,0IrtQ83z9jylZaLEJK2eoy
277,09/12/2021,12:40,3JR0ducCexKbeK47g6AHm5
278,08/12/2021,18:32,6GPpocnUJbzMNMTJDLYCim
279,08/12/2021,18:28,6GPpocnUJbzMNMTJDLYCim
280,08/12/2021,18:24,6GPpocnUJbzMNMTJDLYCim
281,08/12/2021,18:20,6GPpocnUJbzMNMTJDLYCim
282,08/12/2021,18:16,6GPpocnUJbzMNMTJDLYCim
283,08/12/2021,18:12,6GPpocnUJbzMNMTJDLYCim
284,08/12/2021,18:07,1ffNBM0LCbHya4SezmmAH8
285,08/12/2021,16:31,1ffNBM0LCbHya4SezmmAH8
286,08/12/2021,16:26,1ffNBM0LCbHya4SezmmAH8
287,08/12/2021,16:19,3mRBPZbnwsmddN0JH5BNVl
288,08/12/2021,16:17,3mRBPZbnwsmddN0JH5BNVl
289,08/12/2021,16:14,0hgLHFyN9u3WqkK2ofpuUX
290,08/12/2021,16:07,2uA05SpWIB9jY72xOUxlNM
291,08/12/2021,15:54,62P3CMQAknHW4iftsBD41Y
292,08/12/2021,14:11,62P3CMQAknHW4iftsBD41Y
293,08/12/2021,13:52,1ffNBM0LCbHya4SezmmAH8
294,08/12/2021,13:13,62P3CMQAknHW4iftsBD41Y
295,08/12/2021,13:09,62P3CMQAknHW4iftsBD41Y
296,08/12/2021,13:04,62P3CMQAknHW4iftsBD41Y
297,07/12/2021,23:42,1ffNBM0LCbHya4SezmmAH8
298,07/12/2021,23:39,0z0zo43gGLVSvPalKv2jlP
299,07/12/2021,23:37,3m0ftmNELMIN7iWrDzkpSg
300,07/12/2021,23:33,0zoGVO4bQXG8U6ChKwNgeg
301,07/12/2021,23:30,5jQRsJZzu8jicHgC3wgiY5
302,07/12/2021,23:27,56gnI7SIZbFhiwzfN1ogN4
303,07/12/2021,23:25,1OFuBnkvR3jOfYyjeellvq
304,07/12/2021,23:22,43ic7Jh1xeJR9kgE3sjHKX
305,07/12/2021,23:19,1zIvvyjousJTxkumkCDnlo
306,07/12/2021,23:15,4ZrCPgX9fwXbmNJV5WcBWJ
307,07/12/2021,23:11,468BsK9sjyvH3vQFfRbBwD
308,07/12/2021,23:08,09K7eiTHWsAEGAKGRKnRX6
309,07/12/2021,23:04,0HaNrvszmWl5vIwKuADD5Z
310,07/12/2021,23:01,7MUksmMcnTI2Sf3bzplnQc
311,07/12/2021,22:59,2bk43y1inDfHx8fFdXar3l
312,07/12/2021,22:56,1uMHCAyGmHqyygoNRuo7MV
313,07/12/2021,22:52,4RvWPyQ5RL0ao9LPZeSouE
314,07/12/2021,22:18,4RvWPyQ5RL0ao9LPZeSouE
315,07/12/2021,22:15,0HaNrvszmWl5vIwKuADD5Z
316,07/12/2021,22:11,0HaNrvszmWl5vIwKuADD5Z
317,07/12/2021,22:08,0HaNrvszmWl5vIwKuADD5Z
318,07/12/2021,22:03,1Gxrej5rBiUbB9QqwmIbDp
319,07/12/2021,22:00,2shyarF21wZvWew00TdaP3
320,07/12/2021,21:57,1t2qYCAjUAoGfeFeoBlK51
321,07/12/2021,21:54,18UzSJuF847oRBY2OZWdm3
322,07/12/2021,21:52,1Gxrej5rBiUbB9QqwmIbDp
323,07/12/2021,21:29,49euWwcjQTzVCynY53tvH5
324,07/12/2021,21:47,33XqFHeq2yKFCgXR8ZmMAt
325,07/12/2021,21:44,76JA4ie9OkTaCXu909a93V
326,07/12/2021,21:40,44tTqUi3xi7E28QLzHVdUA
327,07/12/2021,21:35,2QeqvHnADmf2fN5sowptuO
328,07/12/2021,21:31,396Dkg9z5Q1hXxKryeP9T8
329,07/12/2021,21:29,2shyarF21wZvWew00TdaP3
330,07/12/2021,21:24,1Ovza9IYvEbdB7SctQCHIS
331,07/12/2021,21:21,54763QVsltDu53H2d9UxJg
332,07/12/2021,21:18,36hxETNcqM67JpYGNaEZFH
333,07/12/2021,21:14,6ibbHAoBrdqJxo345QGumd
334,07/12/2021,21:08,6ShHxD0hoJSXajmcpQ5Ri8
335,07/12/2021,21:05,7v4pPS4A7NgY7bxFA3Etv3
336,07/12/2021,21:04,7v4pPS4A7NgY7bxFA3Etv3
337,07/12/2021,21:02,7v4pPS4A7NgY7bxFA3Etv3
338,07/12/2021,21:00,7v4pPS4A7NgY7bxFA3Etv3
339,07/12/2021,20:58,7v4pPS4A7NgY7bxFA3Etv3
340,07/12/2021,20:56,7v4pPS4A7NgY7bxFA3Etv3
341,07/12/2021,20:54,7v4pPS4A7NgY7bxFA3Etv3
342,07/12/2021,20:52,0IrtQ83z9jylZaLEJK2eoy
343,07/12/2021,19:29,0IrtQ83z9jylZaLEJK2eoy
344,07/12/2021,19:26,0IrtQ83z9jylZaLEJK2eoy
345,07/12/2021,19:22,2TwB7aK39tnZBQjBPgcbCj
346,07/12/2021,17:59,7f6RiVFXqUT3dWi35OznLI
347,07/12/2021,17:55,4dVR8jBG0RQ7jbdi8GRkyd
348,07/12/2021,17:53,7b4Qu8lHzGX8PiQJ3Q1al4
349,07/12/2021,17:49,4rOODw637hsmsq0uzT0DN3
350,07/12/2021,17:46,1zIvvyjousJTxkumkCDnlo
351,07/12/2021,17:43,3a4VCqofc7Wf7cqfZYu2Ad
352,07/12/2021,17:39,0mTjDtEuQGXUSuUGlsqz5P
353,07/12/2021,17:30,5nxlqOA57OZU8o7qjLZpvQ
354,07/12/2021,17:26,3a4VCqofc7Wf7cqfZYu2Ad
355,07/12/2021,17:23,5jQRsJZzu8jicHgC3wgiY5
356,07/12/2021,17:19,63oTx2gvxdNv9qGYQCA005
357,07/12/2021,17:16,7B8Kt457X4qKyVS2Afh1ZD
358,07/12/2021,17:11,0mTjDtEuQGXUSuUGlsqz5P
359,07/12/2021,17:07,08yMOmydumplen59qUD4zf
360,07/12/2021,17:04,4vsoWZcvtvSsE0OiVvDDvX
361,07/12/2021,16:58,584e17zySNmvOd1iG57zxF
362,07/12/2021,16:55,5nJvKQsFRmCp2i7EiKjZDg
363,07/12/2021,16:53,56gnI7SIZbFhiwzfN1ogN4
364,07/12/2021,16:50,5yQUhCPtm5EPVDQz8kKGSA
365,07/12/2021,16:46,0a6jzYgYdtGJIoj5NtflVE
366,07/12/2021,16:41,2TwB7aK39tnZBQjBPgcbCj
367,07/12/2021,16:36,1XyzcGhmO7iUamSS94XfqY
368,07/12/2021,16:33,1XyzcGhmO7iUamSS94XfqY
369,07/12/2021,15:56,0IrtQ83z9jylZaLEJK2eoy
370,07/12/2021,15:52,0IrtQ83z9jylZaLEJK2eoy
371,07/12/2021,15:49,0IrtQ83z9jylZaLEJK2eoy
372,07/12/2021,15:45,0IrtQ83z9jylZaLEJK2eoy
373,07/12/2021,15:42,0IrtQ83z9jylZaLEJK2eoy
374,07/12/2021,05:42,3JR0ducCexKbeK47g6AHm5
375,07/12/2021,05:39,3JR0ducCexKbeK47g6AHm5
376,07/12/2021,05:36,3JR0ducCexKbeK47g6AHm5
377,07/12/2021,05:33,3JR0ducCexKbeK47g6AHm5
378,07/12/2021,05:30,3JR0ducCexKbeK47g6AHm5
379,07/12/2021,05:27,3JR0ducCexKbeK47g6AHm5
380,07/12/2021,05:24,3JR0ducCexKbeK47g6AHm5
381,07/12/2021,05:21,3JR0ducCexKbeK47g6AHm5
382,07/12/2021,05:18,3JR0ducCexKbeK47g6AHm5
383,07/12/2021,05:15,3JR0ducCexKbeK47g6AHm5
384,07/12/2021,05:12,3JR0ducCexKbeK47g6AHm5
385,07/12/2021,05:09,3JR0ducCexKbeK47g6AHm5
386,07/12/2021,05:06,3JR0ducCexKbeK47g6AHm5
387,07/12/2021,05:03,3JR0ducCexKbeK47g6AHm5
388,07/12/2021,05:00,3JR0ducCexKbeK47g6AHm5
389,07/12/2021,04:57,3JR0ducCexKbeK47g6AHm5
390,07/12/2021,04:54,3JR0ducCexKbeK47g6AHm5
391,07/12/2021,04:51,3JR0ducCexKbeK47g6AHm5
392,07/12/2021,04:48,3JR0ducCexKbeK47g6AHm5
393,07/12/2021,04:45,3JR0ducCexKbeK47g6AHm5
394,07/12/2021,04:42,69WpV0U7OMNFGyq8I63dcC
395,07/12/2021,04:39,69WpV0U7OMNFGyq8I63dcC
396,07/12/2021,04:36,69WpV0U7OMNFGyq8I63dcC
397,07/12/2021,04:33,69WpV0U7OMNFGyq8I63dcC
398,07/12/2021,04:30,69WpV0U7OMNFGyq8I63dcC
399,07/12/2021,04:27,69WpV0U7OMNFGyq8I63dcC
